County,Population
Anderson County,77337
Bedford County,50533
Benton County,15933
Bledsoe County,14816
Blount County,135951
Bradley County,108859
Campbell County,39397
Cannon County,14481
Carroll County,28381
Carter County,56315
Cheatham County,41184
Chester County,17392
Claiborne County,32092
Clay County,7592
Cocke County,36186
Coffee County,58080
Crockett County,13955
Cumberland County,61552
Davidson County,709786
DeKalb County,20209
Decatur County,11483
Dickson County,54563
Dyer County,36818
Fayette County,42228
Fentress County,18642
Franklin County,42980
Gibson County,50455
Giles County,30317
Grainger County,23648
Greene County,70399
Grundy County,13550
Hamblen County,64531
Hamilton County,367193
Hancock County,6726
Hardeman County,25519
Hardin County,26824
Hawkins County,57107
Haywood County,17806
Henderson County,27845
Henry County,32305
Hickman County,24996
Houston County,8253
Humphreys County,19032
Jackson County,11730
Jefferson County,55017
Johnson County,17982
Knox County,481406
Lake County,6898
Lauderdale County,25171
Lawrence County,44377
Lewis County,12637
Lincoln County,35365
Loudon County,55507
Macon County,25365
Madison County,98644
Marion County,28852
Marshall County,34567
Maury County,102002
McMinn County,53532
McNairy County,25895
Meigs County,12839
Monroe County,46489
Montgomery County,222305
Moore County,6558
Morgan County,21124
Obion County,30670
Overton County,22576
Perry County,8432
Pickett County,5042
Polk County,17620
Putnam County,80157
Rhea County,33031
Roane County,53777
Robertson County,73297
Rutherford County,343727
Scott County,21917
Sequatchie County,16065
Sevier County,98455
Shelby County,926440
Smith County,20034
Stewart County,13724
Sullivan County,158722
Sumner County,196845
Tipton County,61116
Trousdale County,11596
Unicoi County,17845
Union County,19860
Van Buren County,6182
Warren County,41163
Washington County,133282
Wayne County,16325
Weakley County,32946
White County,27420
Williamson County,248897
Wilson County,149096